{
  "jobs": [
    {
      "id": 1,
      "title": "Full Stack Developer",
      "company": "Acme Corp",
      "location": "San Francisco, CA",
      "description": "Acme Corp is seeking a full stack developer with experience in React, Node.js, and SQL. The ideal candidate will have a strong portfolio of web applications and a desire to work in a fast-paced startup environment.",
      "salary": "$100,000 - $120,000 per year",
      "applyLink": "https://www.acme.com/careers/full-stack-developer"
    },
    {
      "id": 2,
      "title": "Front End Developer",
      "company": "Tech Co",
      "location": "New York, NY",
      "description": "Tech Co is looking for a front end developer with experience in HTML, CSS, and JavaScript. The ideal candidate will have a strong portfolio of responsive web designs and a passion for creating engaging user experiences.",
      "salary": "$80,000 - $100,000 per year",
      "applyLink": "https://www.techco.com/careers/front-end-developer"
    },
    {
      "id": 3,
      "title": "Back End Developer",
      "company": "Web Corp",
      "location": "Austin, TX",
      "description": "Web Corp is seeking a back end developer with experience in Python, Django, and PostgreSQL. The ideal candidate will have a solid understanding of RESTful APIs and a desire to work on a scalable web application.",
      "salary": "$90,000 - $110,000 per year",
      "applyLink": "https://www.webcorp.com/careers/back-end-developer"
    },
    {
      "id": 4,
      "title": "Mobile Developer",
      "company": "App Co",
      "location": "Seattle, WA",
      "description": "App Co is looking for a mobile developer with experience in iOS and Android development. The ideal candidate will have a strong understanding of mobile app design patterns and a passion for creating seamless user experiences.",
      "salary": "$100,000 - $120,000 per year",
      "applyLink": "https://www.appco.com/careers/mobile-developer"
    },
    {
      "id": 5,
      "title": "DevOps Engineer",
      "company": "Cloud Corp",
      "location": "San Jose, CA",
      "description": "Cloud Corp is seeking a DevOps engineer with experience in AWS, Docker, and Kubernetes. The ideal candidate will have a solid understanding of continuous integration and deployment pipelines and a desire to work on cloud infrastructure.",
      "salary": "$110,000 - $130,000 per year",
      "applyLink": "https://www.cloudcorp.com/careers/devops-engineer"
    },
    {
      "id": 6,
      "title": "Software Engineer",
      "company": "Data Co",
      "location": "Boston, MA",
      "description": "Data Co is looking for a software engineer with experience in Java and Spring. The ideal candidate will have a strong understanding of software design patterns and a desire to work on data-driven applications.",
      "salary": "$90,000 - $110,000 per year",
      "applyLink": "https://www.dataco.com/careers/software-engineer"
    }
  ]
}
